"123usenet.nl","IPv4-only","No SSL/TLS connection"
"4ux.nl","IPv4-only","No SSL/TLS connection"
"abook.ws","IPv4-only","No SSL/TLS connection"
"aeton.nl","IPv4-only","No SSL/TLS connection"
"alibis.com","IPv4-only","No SSL/TLS connection"
"altbinaries.com","IPv4-only","No SSL/TLS connection"
"altopia.com","IPv4-IPv6","No SSL/TLS connection"
"anarqy.com","IPv4-only","No SSL/TLS connection"
"anonynews.com","IPv4-only","No SSL/TLS connection"
"apple.com","IPv4-only","No SSL/TLS connection"
"astinews.de","IPv4-only","No SSL/TLS connection"
"astraweb.com","IPv4-only","No SSL/TLS connection"
"atlantisnews.com","IPv4-only","No SSL/TLS connection"
"bargainnewsfeeds.com","IPv4-only","No SSL/TLS connection"
"baseip.com","IPv4-IPv6","No SSL/TLS connection"
"binaryboy.com","IPv4-only","No SSL/TLS connection"
"bintube.com","IPv4-only","No SSL/TLS connection"
"bitusenet.com","IPv4-only","No SSL/TLS connection"
"blocknews.net","IPv4-only","No SSL/TLS connection"
"budgetnews.net","IPv4-only","No SSL/TLS connection"
"bulknews.eu","IPv4-only","No SSL/TLS connection"
"cheapnews.eu","IPv4-only","No SSL/TLS connection"
"chundle.com","IPv4-only","No SSL/TLS connection"
"codeshy.com","IPv4-IPv6","No SSL/TLS connection"
"couchpota.to","IPv4-only","No SSL/TLS connection"
No input, no valid host, or other error
"co.za","IPv4-only","No SSL/TLS connection"
"dognzb.cr","IPv4-only","No SSL/TLS connection"
No input, no valid host, or other error
"download.4ux.nl","IPv4-only","No SSL/TLS connection"
"download.abook.ws","IPv4-only","No SSL/TLS connection"
No input, no valid host, or other error
No input, no valid host, or other error
"download.altbinaries.com","IPv4-only","No SSL/TLS connection"
No input, no valid host, or other error
No input, no valid host, or other error
No input, no valid host, or other error
No input, no valid host, or other error
No input, no valid host, or other error
No input, no valid host, or other error
No input, no valid host, or other error
"download.bargainnewsfeeds.com","IPv4-only","No SSL/TLS connection"
No input, no valid host, or other error
"download.binaryboy.com","IPv4-only","No SSL/TLS connection"
No input, no valid host, or other error
No input, no valid host, or other error
No input, no valid host, or other error
No input, no valid host, or other error
No input, no valid host, or other error
No input, no valid host, or other error
No input, no valid host, or other error
"download.codeshy.com","IPv4-only","No SSL/TLS connection"
"download.couchpota.to","IPv4-only","No SSL/TLS connection"
No input, no valid host, or other error
"download.co.za","IPv4-only","No SSL/TLS connection"
No input, no valid host, or other error
No input, no valid host, or other error
No input, no valid host, or other error
No input, no valid host, or other error
No input, no valid host, or other error
No input, no valid host, or other error
No input, no valid host, or other error
No input, no valid host, or other error
No input, no valid host, or other error
"download.firstload.com","IPv4-only","No SSL/TLS connection"
No input, no valid host, or other error
"download.forteinc.com","IPv4-only","No SSL/TLS connection"
No input, no valid host, or other error
"download.gebruikhet.net","IPv4-IPv6","TLSv1.2","200 Welcome to Bullcat","OK","OK","OK","-","-"
"download.getnzb.com","IPv4-only","No SSL/TLS connection"
No input, no valid host, or other error
"download.github.com","IPv4-only","No SSL/TLS connection"
"download.google.com","IPv4-IPv6","No SSL/TLS connection"
No input, no valid host, or other error
No input, no valid host, or other error
No input, no valid host, or other error
"download.iload-usenet.com","IPv4-only","No SSL/TLS connection"
No input, no valid host, or other error
No input, no valid host, or other error
No input, no valid host, or other error
"download.maximumusenet.com","IPv4-only","No SSL/TLS connection"
No input, no valid host, or other error
No input, no valid host, or other error
"download.mozilla.org","IPv4-only","No SSL/TLS connection"
"download.netfeeds.net","IPv4-only","No SSL/TLS connection"
No input, no valid host, or other error
"download.newsconnection.eu","IPv4-only","No SSL/TLS connection"
No input, no valid host, or other error
No input, no valid host, or other error
"download.newsgrabber.nl","IPv4-only","No SSL/TLS connection"
No input, no valid host, or other error
No input, no valid host, or other error
No input, no valid host, or other error
No input, no valid host, or other error
No input, no valid host, or other error
No input, no valid host, or other error
No input, no valid host, or other error
No input, no valid host, or other error
No input, no valid host, or other error
No input, no valid host, or other error
No input, no valid host, or other error
No input, no valid host, or other error
No input, no valid host, or other error
No input, no valid host, or other error
No input, no valid host, or other error
No input, no valid host, or other error
No input, no valid host, or other error
No input, no valid host, or other error
No input, no valid host, or other error
"download.panic.com","IPv4-only","No SSL/TLS connection"
No input, no valid host, or other error
No input, no valid host, or other error
No input, no valid host, or other error
"download.prepaid-usenet.de","IPv4-only","No SSL/TLS connection"
No input, no valid host, or other error
No input, no valid host, or other error
"download.reddit.com","IPv4-only","No SSL/TLS connection"
No input, no valid host, or other error
No input, no valid host, or other error
No input, no valid host, or other error
No input, no valid host, or other error
"download.secretusenet.com","IPv4-only","No SSL/TLS connection"
"download.shemes.com","IPv4-only","No SSL/TLS connection"
No input, no valid host, or other error
No input, no valid host, or other error
"download.smsusenet.nl","IPv4-IPv6","No SSL/TLS connection"
No input, no valid host, or other error
"download.sonarr.tv","IPv4-only","No SSL/TLS connection"
No input, no valid host, or other error
"download.speedplaza.net","IPv4-only","No SSL/TLS connection"
No input, no valid host, or other error
No input, no valid host, or other error
No input, no valid host, or other error
"download.supernewsfeed.com","IPv4-only","No SSL/TLS connection"
No input, no valid host, or other error
No input, no valid host, or other error
No input, no valid host, or other error
No input, no valid host, or other error
No input, no valid host, or other error
No input, no valid host, or other error
No input, no valid host, or other error
No input, no valid host, or other error
No input, no valid host, or other error
"download.usenet4u.nl","IPv4-only","No SSL/TLS connection"
"download.usenet-access.com","IPv4-only","No SSL/TLS connection"
No input, no valid host, or other error
No input, no valid host, or other error
No input, no valid host, or other error
No input, no valid host, or other error
No input, no valid host, or other error
No input, no valid host, or other error
No input, no valid host, or other error
No input, no valid host, or other error
No input, no valid host, or other error
No input, no valid host, or other error
"download.usenetnewsserver.com","IPv4-only","No SSL/TLS connection"
No input, no valid host, or other error
No input, no valid host, or other error
No input, no valid host, or other error
No input, no valid host, or other error
No input, no valid host, or other error
No input, no valid host, or other error
No input, no valid host, or other error
No input, no valid host, or other error
No input, no valid host, or other error
No input, no valid host, or other error
No input, no valid host, or other error
"download.worldusenet.com","IPv4-only","No SSL/TLS connection"
No input, no valid host, or other error
No input, no valid host, or other error
No input, no valid host, or other error
"download.xs4all.nl","IPv4-IPv6","No SSL/TLS connection"
No input, no valid host, or other error
No input, no valid host, or other error
No input, no valid host, or other error
No input, no valid host, or other error
"download.zendesk.com","IPv4-only","No SSL/TLS connection"
"dozenzb.com","IPv4-only","No SSL/TLS connection"
"easynews.com","IPv4-only","No SSL/TLS connection"
"easyusenet.nl","IPv4-only","No SSL/TLS connection"
"ensnews.com","IPv4-only","No SSL/TLS connection"
No input, no valid host, or other error
"eu.4ux.nl","IPv4-only","No SSL/TLS connection"
"eu.abook.ws","IPv4-only","No SSL/TLS connection"
No input, no valid host, or other error
No input, no valid host, or other error
"eu.altbinaries.com","IPv4-only","No SSL/TLS connection"
No input, no valid host, or other error
No input, no valid host, or other error
No input, no valid host, or other error
No input, no valid host, or other error
No input, no valid host, or other error
No input, no valid host, or other error
No input, no valid host, or other error
"eu.bargainnewsfeeds.com","IPv4-only","No SSL/TLS connection"
No input, no valid host, or other error
"eu.binaryboy.com","IPv4-only","No SSL/TLS connection"
"eu.bintube.com","IPv4-only","TLSv1.2","200 news.bintube.com NNRP Service Ready (posting ok) (yEnc enabled). (fx17.fr7)","OK","OK","OK","-","-"
No input, no valid host, or other error
No input, no valid host, or other error
No input, no valid host, or other error
No input, no valid host, or other error
No input, no valid host, or other error
No input, no valid host, or other error
"eu.codeshy.com","IPv4-only","No SSL/TLS connection"
"eu.couchpota.to","IPv4-only","No SSL/TLS connection"
"eu.co.uk","IPv4-only","No SSL/TLS connection"
"eu.co.za","IPv4-only","No SSL/TLS connection"
No input, no valid host, or other error
No input, no valid host, or other error
No input, no valid host, or other error
No input, no valid host, or other error
No input, no valid host, or other error
No input, no valid host, or other error
No input, no valid host, or other error
"eu.facebook.com","IPv4-IPv6","No SSL/TLS connection"
No input, no valid host, or other error
No input, no valid host, or other error
No input, no valid host, or other error
No input, no valid host, or other error
No input, no valid host, or other error
No input, no valid host, or other error
"eu.getnzb.com","IPv4-only","No SSL/TLS connection"
No input, no valid host, or other error
"eu.github.com","IPv4-only","No SSL/TLS connection"
No input, no valid host, or other error
No input, no valid host, or other error
No input, no valid host, or other error
No input, no valid host, or other error
"eu.iload-usenet.com","IPv4-only","No SSL/TLS connection"
No input, no valid host, or other error
No input, no valid host, or other error
No input, no valid host, or other error
"eu.maximumusenet.com","IPv4-only","No SSL/TLS connection"
No input, no valid host, or other error
No input, no valid host, or other error
No input, no valid host, or other error
"eu.netfeeds.net","IPv4-only","No SSL/TLS connection"
No input, no valid host, or other error
"eu.newsconnection.eu","IPv4-only","No SSL/TLS connection"
"eu.newsdemon.com","IPv4-IPv6","TLSv1.2","200 Welcome (fx17.fr7)","OK","OK","NOK","ssl.CertificateError","CertificateError: hostname 'eu.newsdemon.com' doesn't match either of '*.sslusenet.com', 'sslusenet.com'"
"eu.newsfusion.net","IPv4-only","TLSv1.2","200 Welcome to Usenet (fx28.am4)","OK","OK","NOK","ssl.CertificateError","CertificateError: hostname 'eu.newsfusion.net' doesn't match either of '*.sslusenet.com', 'sslusenet.com'"
"eu.newsgrabber.nl","IPv4-only","No SSL/TLS connection"
"eu.newsgroup-binaries.com","IPv4-IPv6","No SSL/TLS connection"
No input, no valid host, or other error
No input, no valid host, or other error
No input, no valid host, or other error
No input, no valid host, or other error
No input, no valid host, or other error
"eu.newsleecher.com","IPv4-IPv6","TLSv1.2","200 Welcome (fx15.fr7)","OK","OK","NOK","ssl.CertificateError","CertificateError: hostname 'eu.newsleecher.com' doesn't match either of '*.sslusenet.com', 'sslusenet.com'"
No input, no valid host, or other error
No input, no valid host, or other error
No input, no valid host, or other error
No input, no valid host, or other error
No input, no valid host, or other error
"eu.ngroups.net","IPv4-only","TLSv1.2","200 Welcome to Usenet (fx30.fr7)","OK","OK","NOK","ssl.CertificateError","CertificateError: hostname 'eu.ngroups.net' doesn't match either of '*.sslusenet.com', 'sslusenet.com'"
No input, no valid host, or other error
No input, no valid host, or other error
No input, no valid host, or other error
No input, no valid host, or other error
No input, no valid host, or other error
No input, no valid host, or other error
No input, no valid host, or other error
No input, no valid host, or other error
No input, no valid host, or other error
No input, no valid host, or other error
"eu.prepaid-usenet.de","IPv4-only","No SSL/TLS connection"
No input, no valid host, or other error
No input, no valid host, or other error
"eu.reddit.com","IPv4-only","No SSL/TLS connection"
No input, no valid host, or other error
No input, no valid host, or other error
No input, no valid host, or other error
No input, no valid host, or other error
No input, no valid host, or other error
No input, no valid host, or other error
No input, no valid host, or other error
No input, no valid host, or other error
"eu.smsusenet.nl","IPv4-IPv6","No SSL/TLS connection"
No input, no valid host, or other error
No input, no valid host, or other error
No input, no valid host, or other error
"eu.speedplaza.net","IPv4-only","No SSL/TLS connection"
"eu.ssl-news.info","IPv4-only","TLSv1.2","200 Welcome to SSL News","OK","OK","NOK","ssl.CertificateError","CertificateError: hostname 'eu.ssl-news.info' doesn't match either of 'reader.ssl-news.info', 'www.reader.ssl-news.info'"
No input, no valid host, or other error
No input, no valid host, or other error
"eu.supernewsfeed.com","IPv4-only","No SSL/TLS connection"
No input, no valid host, or other error
No input, no valid host, or other error
No input, no valid host, or other error
"eu.thundernews.com","IPv4-IPv6","TLSv1.2","200 Welcome (fx05.fr7)","OK","OK","NOK","ssl.CertificateError","CertificateError: hostname 'eu.thundernews.com' doesn't match either of '*.sslusenet.com', 'sslusenet.com'"
No input, no valid host, or other error
No input, no valid host, or other error
No input, no valid host, or other error
No input, no valid host, or other error
No input, no valid host, or other error
"eu.usenet4u.nl","IPv4-only","No SSL/TLS connection"
"eu.usenet-access.com","IPv4-only","No SSL/TLS connection"
No input, no valid host, or other error
No input, no valid host, or other error
No input, no valid host, or other error
No input, no valid host, or other error
No input, no valid host, or other error
No input, no valid host, or other error
No input, no valid host, or other error
No input, no valid host, or other error
No input, no valid host, or other error
"eu.usenet-news.net","IPv4-only","TLSv1.2","200 Welcome to Usenet (fx10.fr7)","OK","OK","NOK","ssl.CertificateError","CertificateError: hostname 'eu.usenet-news.net' doesn't match either of '*.sslusenet.com', 'sslusenet.com'"
"eu.usenetnewsserver.com","IPv4-only","No SSL/TLS connection"
No input, no valid host, or other error
No input, no valid host, or other error
No input, no valid host, or other error
No input, no valid host, or other error
No input, no valid host, or other error
No input, no valid host, or other error
No input, no valid host, or other error
No input, no valid host, or other error
No input, no valid host, or other error
No input, no valid host, or other error
No input, no valid host, or other error
"eu.worldusenet.com","IPv4-only","No SSL/TLS connection"
No input, no valid host, or other error
No input, no valid host, or other error
No input, no valid host, or other error
No input, no valid host, or other error
No input, no valid host, or other error
No input, no valid host, or other error
No input, no valid host, or other error
"eu.z51.biz","IPv4-IPv6","No SSL/TLS connection"
"eu.zendesk.com","IPv4-only","No SSL/TLS connection"
"eweka.nl","IPv4-only","No SSL/TLS connection"
"extremeusenet.nl","IPv4-only","No SSL/TLS connection"
"facebook.com","IPv4-IPv6","No SSL/TLS connection"
"fastusenet.org","IPv4-only","No SSL/TLS connection"
"firstload.com","IPv4-only","No SSL/TLS connection"
"flashnewsgroups.com","IPv4-only","No SSL/TLS connection"
"forteinc.com","IPv4-only","No SSL/TLS connection"
"frugalusenet.com","IPv4-only","No SSL/TLS connection"
"gebruikhet.net","IPv4-only","No SSL/TLS connection"
"getnzb.com","IPv4-only","No SSL/TLS connection"
"giganews.com","IPv4-only","No SSL/TLS connection"
"github.com","IPv4-only","No SSL/TLS connection"
"google.com","IPv4-IPv6","No SSL/TLS connection"
"highwinds.com","IPv4-only","No SSL/TLS connection"
"hitnews.com","IPv4-only","No SSL/TLS connection"
"illiminews.com","IPv4-only","No SSL/TLS connection"
"iload-usenet.com","IPv4-only","No SSL/TLS connection"
"i-telligent.com","IPv4-only","No SSL/TLS connection"
"lad1337.de","IPv4-IPv6","No SSL/TLS connection"
"maraschinoproject.com","IPv4-only","No SSL/TLS connection"
"maximumusenet.com","IPv4-IPv6","No SSL/TLS connection"
No input, no valid host, or other error
"mijnusenet.nl","IPv4-only","No SSL/TLS connection"
"mozilla.org","IPv4-only","No SSL/TLS connection"
"netfeeds.net","IPv4-only","No SSL/TLS connection"
"news.123usenet.nl","IPv4-only","TLSv1.2","200 newsreader.usenetter.nl NNRP Service Ready - info@usenetter.nl (no posting)(no reading)","OK","OK","NOK","ssl.CertificateError","CertificateError: hostname 'news.123usenet.nl' doesn't match either of '*.sslusenet.com', 'sslusenet.com'"
"news1.usenet.nl","IPv4-only","TLSv1.2","200 Welcome to usenet.nl (fx27.fr7)","OK","OK","OK","-","-"
"news4.usenet4u.nl","IPv4-only","TLSv1.2","200 Welcome (fx40.am4)","OK","OK","OK","-","-"
"news.4ux.nl","IPv4-only","TLSv1.2","200 Welcome to 4 Usenet Xs","OK","OK","OK","-","-"
"news.abook.ws","IPv4-only","No SSL/TLS connection"
"news.aeton.nl","IPv4-only","TLSv1.2","200 Welcome to Aeton","OK","NOK","NOK","ssl.SSLError","SSLError: [SSL: CERTIFICATE_VERIFY_FAILED] certificate verify failed (_ssl.c:590)"
"news.alibis.com","IPv4-IPv6","TLSv1.2","200 Welcome (fx03.am4)","OK","OK","NOK","ssl.CertificateError","CertificateError: hostname 'news.alibis.com' doesn't match either of '*.sslusenet.com', 'sslusenet.com'"
"news.altbinaries.com","IPv4-IPv6","TLSv1.2","200 Welcome (fx17.am4)","OK","OK","NOK","ssl.CertificateError","CertificateError: hostname 'news.altbinaries.com' doesn't match either of '*.sslusenet.com', 'sslusenet.com'"
"news.altopia.com","IPv4-only","TLSv1.2","200 Check out http://www.altopia.com/ for info about NNTP access (posting ok).","OK","OK","OK","-","-"
"news.anarqy.com","IPv4-only","TLSv1","200 Welcome NNTPSwitch-0.12, 112187 groups available, posting allowed, slot 10, connections 1","OK","OK","OK","-","-"
"news.anonynews.com","IPv4-only","TLSv1.2","200 Welcome to Usenet (fx40.iad)","OK","OK","NOK","ssl.CertificateError","CertificateError: hostname 'news.anonynews.com' doesn't match either of '*.sslusenet.com', 'sslusenet.com'"
"news.apple.com","IPv4-only","No SSL/TLS connection"
No input, no valid host, or other error
"news.astraweb.com","IPv4-only","No SSL/TLS connection"
"news.atlantisnews.com","IPv4-IPv6","TLSv1.2","200 Welcome (fx09.am4)","OK","OK","NOK","ssl.CertificateError","CertificateError: hostname 'news.atlantisnews.com' doesn't match either of '*.sslusenet.com', 'sslusenet.com'"
"news.bargainnewsfeeds.com","IPv4-only","No SSL/TLS connection"
No input, no valid host, or other error
"news.binaryboy.com","IPv4-IPv6","No SSL/TLS connection"
"newsbin.com","IPv4-only","No SSL/TLS connection"
"news.bintube.com","IPv4-only","TLSv1.2","200 news.bintube.com NNRP Service Ready (posting ok) (yEnc enabled). (fx17.fr7)","OK","OK","NOK","ssl.CertificateError","CertificateError: hostname 'news.bintube.com' doesn't match either of 'eu.bintube.com', 'www.eu.bintube.com'"
"news.bitusenet.com","IPv4-IPv6","TLSv1.2","200 Welcome (fx39.am4)","OK","OK","NOK","ssl.CertificateError","CertificateError: hostname 'news.bitusenet.com' doesn't match either of '*.sslusenet.com', 'sslusenet.com'"
No input, no valid host, or other error
"news.budgetnews.net","IPv4-only","TLSv1.2","200 Welcome to budgetnews.net (fx38.am4)","OK","OK","OK","-","-"
"news.bulknews.eu","IPv4-IPv6","TLSv1.2","200 Welcome to Bulknews","OK","OK","OK","-","-"
"news.caiway.nl","IPv4-only","TLSv1.2","200 Welcome to news.caiway.nl NNTPSwitch-SVN-1.2.1, 117351 groups available, posting allowed, slot 21, connections 1","OK","OK","OK","-","-"
"news.cheapnews.eu","IPv4-IPv6","TLSv1.2","200 Welcome to Cheapnews","OK","OK","OK","-","-"
No input, no valid host, or other error
"news.codeshy.com","IPv4-only","No SSL/TLS connection"
"newsconnection.eu","IPv4-only","No SSL/TLS connection"
"news.couchpota.to","IPv4-only","No SSL/TLS connection"
"news.co.uk","IPv4-only","No SSL/TLS connection"
"news.co.za","IPv4-only","No SSL/TLS connection"
"newsdemon.com","IPv4-IPv6","No SSL/TLS connection"
No input, no valid host, or other error
No input, no valid host, or other error
"news.easynews.com","IPv4-only","No SSL/TLS connection"
"news.easyusenet.nl","IPv4-only","TLSv1.2","200 Welcome to Easyusenet","OK","OK","OK","-","-"
No input, no valid host, or other error
"news-europe.giganews.com","IPv4-only","TLSv1.2","200 News.GigaNews.Com","OK","OK","OK","-","-"
"news.eweka.nl","IPv4-only","TLSv1.2","200 Welcome to Eweka (fx23.am4)","OK","OK","OK","-","-"
"news.extremeusenet.nl","IPv4-only","TLSv1.2","200 Welcome to ExtremeUsenet","OK","OK","OK","-","-"
No input, no valid host, or other error
"news.fastusenet.org","IPv4-only","TLSv1.2","200 Welcome to Usenet (fx22.iad)","OK","OK","NOK","ssl.CertificateError","CertificateError: hostname 'news.fastusenet.org' doesn't match either of '*.sslusenet.com', 'sslusenet.com'"
"news.firstload.com","IPv4-only","No SSL/TLS connection"
No input, no valid host, or other error
"news.forteinc.com","IPv4-only","TLSv1.2","200 Welcome to Forte Premium.  Please Authenticate. (fx31.am4)","OK","OK","OK","-","-"
"news.frugalusenet.com","IPv4-only","TLSv1.2","200 Welcome to Usenet (fx17.iad)","OK","OK","NOK","ssl.CertificateError","CertificateError: hostname 'news.frugalusenet.com' doesn't match either of '*.sslusenet.com', 'sslusenet.com'"
"newsfusion.net","IPv4-only","No SSL/TLS connection"
"news.gebruikhet.net","IPv4-only","TLSv1.2","200 Welcome to Bullcat","OK","OK","NOK","ssl.CertificateError","CertificateError: hostname 'news.gebruikhet.net' doesn't match either of 'download.gebruikhet.net', 'www.download.gebruikhet.net'"
"news.getnzb.com","IPv4-only","No SSL/TLS connection"
"news.giganews.com","IPv4-only","TLSv1.2","200 News.GigaNews.Com","OK","OK","OK","-","-"
"news.github.com","IPv4-only","No SSL/TLS connection"
"news.google.com","IPv4-IPv6","No SSL/TLS connection"
"newsgrabber.nl","IPv4-only","No SSL/TLS connection"
"newsgroup-binaries.com","IPv4-only","No SSL/TLS connection"
"newsgroupdirect.com","IPv4-IPv6","No SSL/TLS connection"
"newsgroup.ninja","IPv4-IPv6","No SSL/TLS connection"
"newsgroups-download.com","IPv4-only","No SSL/TLS connection"
"newsguy.com","IPv4-only","No SSL/TLS connection"
No input, no valid host, or other error
"news.hitnews.com","IPv4-only","TLSv1.2","200 Welcome to hitnews.com (fx10.fr7)","OK","OK","OK","-","-"
"newshosting.com","IPv4-only","No SSL/TLS connection"
"news.illiminews.com","IPv4-only","No SSL/TLS connection"
"news.iload-usenet.com","IPv4-IPv6","No SSL/TLS connection"
"news.i-telligent.com","IPv4-only","TLSv1.2","200 Welcome to I-telligent NNTPSwitch-SVN-1.2.1, 117351 groups available, posting allowed, slot 134, connections 1","OK","OK","NOK","ssl.CertificateError","CertificateError: hostname 'news.i-telligent.com' doesn't match either of 'reader.i-telligent.com', 'www.reader.i-telligent.com'"
No input, no valid host, or other error
"newsleecher.com","IPv4-only","No SSL/TLS connection"
No input, no valid host, or other error
"news.maximumusenet.com","IPv4-only","TLSv1.2","200 Welcome (fx04.iad)","OK","OK","OK","-","-"
"news.megabitz.net","IPv4-only","No SSL/TLS connection"
"news.mijnusenet.nl","IPv4-only","TLSv1.2","200 newsreader.usenetter.nl NNRP Service Ready - info@usenetter.nl (no posting)(no reading)","OK","OK","NOK","ssl.CertificateError","CertificateError: hostname 'news.mijnusenet.nl' doesn't match either of '*.sslusenet.com', 'sslusenet.com'"
"news.mozilla.org","IPv4-only","No SSL/TLS connection"
"news.netfeeds.net","IPv4-only","No SSL/TLS connection"
"news.newsbin.com","IPv4-only","No SSL/TLS connection"
"news.newsconnection.eu","IPv4-only","No SSL/TLS connection"
"news.newsdemon.com","IPv4-IPv6","TLSv1.2","200 Welcome (fx38.am4)","OK","OK","NOK","ssl.CertificateError","CertificateError: hostname 'news.newsdemon.com' doesn't match either of '*.sslusenet.com', 'sslusenet.com'"
No input, no valid host, or other error
"news.newsgrabber.nl","IPv4-only","TLSv1.2","200 Welcome to newsgrabber.nl NNTPSwitch-SVN-1.2.1, 117351 groups available, posting allowed, slot 6, connections 1","OK","OK","OK","-","-"
"news.newsgroup-binaries.com","IPv4-IPv6","No SSL/TLS connection"
"news.newsgroupdirect.com","IPv4-only","TLSv1.2","200 Welcome (fx17.iad)","OK","OK","NOK","ssl.CertificateError","CertificateError: hostname 'news.newsgroupdirect.com' doesn't match either of '*.sslusenet.com', 'sslusenet.com'"
"news.newsgroup.ninja","IPv4-IPv6","TLSv1.2","200 Welcome (fx29.am4)","OK","OK","NOK","ssl.CertificateError","CertificateError: hostname 'news.newsgroup.ninja' doesn't match either of '*.sslusenet.com', 'sslusenet.com'"
No input, no valid host, or other error
"news.newsguy.com","IPv4-only","TLSv1","","NOK","NOK","NOK","ssl.SSLError","SSLError: [SSL: CERTIFICATE_VERIFY_FAILED] certificate verify failed (_ssl.c:590)"
"news.newshosting.com","IPv4-only","TLSv1.2","200 NNRP unlimited.newshosting.com Service Ready - support@newshosting.com (fx41.am4)","OK","OK","OK","-","-"
"news.newsleecher.com","IPv4-only","TLSv1.2","200 Welcome (fx38.am4)","OK","OK","NOK","ssl.CertificateError","CertificateError: hostname 'news.newsleecher.com' doesn't match either of '*.sslusenet.com', 'sslusenet.com'"
"news.newsrazor.net","IPv4-only","TLSv1.2","200 NNRP unlimited.newshosting.com Service Ready - support@newshosting.com (fx38.am4)","OK","OK","NOK","ssl.CertificateError","CertificateError: hostname 'news.newsrazor.net' doesn't match either of '*.newshosting.com', 'newshosting.com'"
"news.newsreader.com","IPv4-only","No SSL/TLS connection"
"news.newsxs.nl","IPv4-only","TLSv1.2","200 Welcome to Newsxs","OK","OK","OK","-","-"
No input, no valid host, or other error
No input, no valid host, or other error
"news.ngroups.net","IPv4-only","TLSv1.2","200 Welcome to Usenet (fx07.iad)","OK","OK","NOK","ssl.CertificateError","CertificateError: hostname 'news.ngroups.net' doesn't match either of '*.sslusenet.com', 'sslusenet.com'"
"news.nntpjunkie.com","IPv4-only","TLSv1","","NOK","NOK","NOK","ssl.SSLError","SSLError: [SSL: CERTIFICATE_VERIFY_FAILED] certificate verify failed (_ssl.c:590)"
No input, no valid host, or other error
No input, no valid host, or other error
No input, no valid host, or other error
No input, no valid host, or other error
No input, no valid host, or other error
No input, no valid host, or other error
No input, no valid host, or other error
"news.powerusenet.com","IPv4-only","TLSv1.2","200 Power Usenet - Unlimited USENET Power!","OK","OK","OK","-","-"
No input, no valid host, or other error
"news.prepaid-usenet.de","IPv4-IPv6","No SSL/TLS connection"
"news.pureusenet.nl","IPv4-only","TLSv1.2","200 news.pureusenet.nl NNRP Service Ready - support@pureusenet.nl","OK","OK","OK","-","-"
"newsrazor.net","IPv4-only","No SSL/TLS connection"
"newsreader.com","IPv4-only","No SSL/TLS connection"
"news.readnews.com","IPv4-only","No SSL/TLS connection"
"news.reddit.com","IPv4-only","No SSL/TLS connection"
No input, no valid host, or other error
No input, no valid host, or other error
"news.rhinonewsgroups.com","IPv4-only","No SSL/TLS connection"
No input, no valid host, or other error
No input, no valid host, or other error
"news.shemes.com","IPv4-IPv6","No SSL/TLS connection"
No input, no valid host, or other error
"news.simonews.com","IPv4-IPv6","No SSL/TLS connection"
"news.smsusenet.nl","IPv4-only","TLSv1.2","200 Welcome to SMS Usenet","OK","OK","OK","-","-"
"news.snelnl.com","IPv4-IPv6","TLSv1.2","200 Welcome (fx38.am4)","OK","OK","NOK","ssl.CertificateError","CertificateError: hostname 'news.snelnl.com' doesn't match either of '*.sslusenet.com', 'sslusenet.com'"
No input, no valid host, or other error
"news.sonic-news.com","IPv4-only","TLSv1","200 Welcome NNTPSwitch-0.12, 112187 groups available, posting allowed, slot 10, connections 1","OK","OK","OK","-","-"
"news.speedplaza.net","IPv4-only","TLSv1.2","200 Welcome to Speedplaza NNTPSwitch-SVN-1.2.1, 117351 groups available, posting allowed, slot 4, connections 1","OK","NOK","NOK","ssl.SSLError","SSLError: [SSL: CERTIFICATE_VERIFY_FAILED] certificate verify failed (_ssl.c:590)"
"news.ssl-news.info","IPv4-only","TLSv1.2","200 Welcome to SSL News","OK","NOK","NOK","ssl.CertificateError","CertificateError: hostname 'news.ssl-news.info' doesn't match either of 'reader.ssl-news.info', 'www.reader.ssl-news.info'"
"news.sunnyusenet.com","IPv4-only","TLSv1.2","200 news.sunnyusenet.com NNRP Service Ready - support@sunnyusenet.com","OK","OK","OK","-","-"
"news.supernews.com","IPv4-only","TLSv1.2","200 Supernews server ready","OK","OK","OK","-","-"
"news.supernewsfeed.com","IPv4-only","No SSL/TLS connection"
"news.surfino.com","IPv4-only","TLSv1.2","200 Welcome to Treonet NNTPSwitch-SVN-1.2.1, 117351 groups available, posting allowed, slot 9, connections 1","OK","NOK","NOK","ssl.SSLError","SSLError: [SSL: CERTIFICATE_VERIFY_FAILED] certificate verify failed (_ssl.c:590)"
"news.thecubenet.com","IPv4-IPv6","No SSL/TLS connection"
"news.thenewsgroups.com","IPv4-only","No SSL/TLS connection"
"news.thundernews.com","IPv4-IPv6","TLSv1.2","200 Welcome (fx39.am4)","OK","OK","NOK","ssl.CertificateError","CertificateError: hostname 'news.thundernews.com' doesn't match either of '*.sslusenet.com', 'sslusenet.com'"
No input, no valid host, or other error
No input, no valid host, or other error
"news.tweakdsl.nl","IPv4-only","TLSv1","","NOK","NOK","NOK","ssl.SSLError","SSLError: [SSL: CERTIFICATE_VERIFY_FAILED] certificate verify failed (_ssl.c:590)"
"news.tweaknews.eu","IPv4-only","TLSv1.2","200 news.tweak-news.eu NNRP Service Ready - newsmaster@tweak-news.eu (posting ok)","OK","OK","OK","-","-"
"news.tweaknews.EU","IPv4-only","TLSv1.2","200 news.tweak-news.eu NNRP Service Ready - newsmaster@tweak-news.eu (posting ok)","OK","OK","OK","-","-"
"news.tweaknews.nl","IPv4-only","TLSv1.2","200 news.tweaknews.nl NNRP Service Ready - info@tweaknews.nl (posting ok)","OK","NOK","NOK","ssl.SSLError","SSLError: [SSL: CERTIFICATE_VERIFY_FAILED] certificate verify failed (_ssl.c:590)"
"news.tweak.nl","IPv4-only","TLSv1","","NOK","NOK","NOK","ssl.SSLError","SSLError: [SSL: CERTIFICATE_VERIFY_FAILED] certificate verify failed (_ssl.c:590)"
"news.united-newsserver.de","IPv4-only","TLSv1","200 news6-2.united-newsserver.de NNRP Service Ready (posting ok).","OK","NOK","NOK","ssl.SSLError","SSLError: [SSL: CERTIFICATE_VERIFY_FAILED] certificate verify failed (_ssl.c:590)"
"news.usebits.net","IPv4-only","TLSv1.2","200 Welcome to Yabnews","OK","OK","NOK","ssl.CertificateError","CertificateError: hostname 'news.usebits.net' doesn't match either of 'news.yabnews.nl', 'www.news.yabnews.nl'"
"news.usenet2go.com","IPv4-only","TLSv1.2","200 Welcome to usenet2go.com NNTPSwitch-SVN-1.2.1, 117351 groups available, posting allowed, slot 9, connections 1","OK","OK","OK","-","-"
"news.usenet4u.nl","IPv4-only","TLSv1.2","200 Welcome (fx08.am4)","OK","OK","NOK","ssl.CertificateError","CertificateError: hostname 'news.usenet4u.nl' doesn't match 'news4.usenet4u.nl'"
"news.usenet-access.com","IPv4-IPv6","No SSL/TLS connection"
No input, no valid host, or other error
No input, no valid host, or other error
No input, no valid host, or other error
"news.usenetcentral.com","IPv4-only","TLSv1.2","200 Welcome to Usenet (fx02.iad)","OK","OK","NOK","ssl.CertificateError","CertificateError: hostname 'news.usenetcentral.com' doesn't match either of '*.sslusenet.com', 'sslusenet.com'"
No input, no valid host, or other error
No input, no valid host, or other error
"news.usenet.farm","IPv4-IPv6","TLSv1.2","200 Welcome at Usenet.Farm (ufs1)","OK","OK","OK","-","-"
"news.usenetmonster.com","IPv4-only","TLSv1.2","200 NNRP unlimited.newshosting.com Service Ready - support@newshosting.com (fx06.am4)","OK","OK","NOK","ssl.CertificateError","CertificateError: hostname 'news.usenetmonster.com' doesn't match either of '*.newshosting.com', 'newshosting.com'"
"news.usenet.net","IPv4-only","TLSv1.2","200 Usenet.net","OK","OK","OK","-","-"
No input, no valid host, or other error
"news.usenetnewsserver.com","IPv4-IPv6","TLSv1.2","200 Welcome (fx10.am4)","OK","NOK","NOK","ssl.CertificateError","CertificateError: hostname 'news.usenetnewsserver.com' doesn't match either of '*.sslusenet.com', 'sslusenet.com'"
No input, no valid host, or other error
No input, no valid host, or other error
"news.usenet.pro","IPv4-only","TLSv1.2","200 newsreader.usenetter.nl NNRP Service Ready - info@usenetter.nl (no posting)(no reading)","OK","OK","NOK","ssl.CertificateError","CertificateError: hostname 'news.usenet.pro' doesn't match either of '*.sslusenet.com', 'sslusenet.com'"
"news.usenetrocket.com","IPv4-only","TLSv1.2","200 Welcome to Usenet (fx02.iad)","OK","OK","NOK","ssl.CertificateError","CertificateError: hostname 'news.usenetrocket.com' doesn't match either of '*.sslusenet.com', 'sslusenet.com'"
"news.usenet.se","IPv4-only","TLSv1.2","200 Welcome to Usenet (fx38.am4)","OK","OK","NOK","ssl.CertificateError","CertificateError: hostname 'news.usenet.se' doesn't match either of '*.sslusenet.com', 'sslusenet.com'"
"news.usenetserver.com","IPv4-only","TLSv1.2","200 news.usenetserver.com Welcome! (fx03.am4)","OK","OK","OK","-","-"
"news.usenet-to-go.de","IPv4-only","No SSL/TLS connection"
No input, no valid host, or other error
"news.usenext.com","IPv4-only","TLSv1.2","200 Welcome to Aviteo Ltd DE","OK","OK","OK","-","-"
"news.usenext.de","IPv4-only","TLSv1.2","200 Welcome to Aviteo Ltd DE","OK","OK","OK","-","-"
"news.voordeligusenet.nl","IPv4-only","TLSv1.2","200 newsreader.usenetter.nl NNRP Service Ready - info@usenetter.nl (no posting)(no reading)","OK","OK","NOK","ssl.CertificateError","CertificateError: hostname 'news.voordeligusenet.nl' doesn't match either of '*.sslusenet.com', 'sslusenet.com'"
No input, no valid host, or other error
"news.worldusenet.com","IPv4-only","No SSL/TLS connection"
"news.xennanews.com","IPv4-IPv6","TLSv1.2","200 Welcome to xennanews","OK","OK","NOK","socket.error","error: [Errno 104] Connection reset by peer"
"news.xennews.com","IPv4-only","TLSv1.2","200 Welcome to xennews.com (fx06.am4)","OK","OK","OK","-","-"
"news.xlned.com","IPv4-only","TLSv1.2","200 news.xlned.com NNRP Service Ready - support@xlned.com","OK","OK","OK","-","-"
No input, no valid host, or other error
"news.xs4all.nl","IPv4-IPv6","No SSL/TLS connection"
No input, no valid host, or other error
"newsxs.nl","IPv4-only","No SSL/TLS connection"
No input, no valid host, or other error
"news.yabnews.nl","IPv4-only","No SSL/TLS connection"
"news.z51.biz","IPv4-only","TLSv1.2","200 Welcome to z51.biz NNTPSwitch-SVN-1.2.1, 117351 groups available, posting allowed, slot 20, connections 1","OK","NOK","NOK","ssl.SSLError","SSLError: [SSL: CERTIFICATE_VERIFY_FAILED] certificate verify failed (_ssl.c:590)"
"news.zendesk.com","IPv4-only","No SSL/TLS connection"
"newznab.com","IPv4-only","No SSL/TLS connection"
"ngprovider.com","IPv4-only","No SSL/TLS connection"
"ngroups.net","IPv4-only","No SSL/TLS connection"
"nntpjunkie.com","IPv4-only","No SSL/TLS connection"
"nzb360.com","IPv4-only","No SSL/TLS connection"
"nzbget.net","IPv4-only","No SSL/TLS connection"
"nzbin.info","IPv4-only","No SSL/TLS connection"
"nzb.su","IPv4-only","No SSL/TLS connection"
"oznzb.com","IPv4-only","No SSL/TLS connection"
"panic.com","IPv4-only","No SSL/TLS connection"
"post.sonic-news.com","IPv4-only","TLSv1","200 news-out.sonic-news.com InterNetNews NNRP server INN 2.5.0 (rc2 version) ready (no posting)","OK","NOK","NOK","ssl.SSLError","SSLError: [SSL: CERTIFICATE_VERIFY_FAILED] certificate verify failed (_ssl.c:590)"
"powernews.nl","IPv4-only","No SSL/TLS connection"
"powerusenet.com","IPv4-only","No SSL/TLS connection"
"premiumnews.de","IPv4-only","No SSL/TLS connection"
"prepaid-usenet.de","IPv4-only","No SSL/TLS connection"
"pureusenet.nl","IPv4-only","No SSL/TLS connection"
"reader.123usenet.nl","IPv4-only","TLSv1.2","200 newsreader.usenetter.nl NNRP Service Ready - info@usenetter.nl (no posting)(no reading)","OK","OK","NOK","ssl.CertificateError","CertificateError: hostname 'reader.123usenet.nl' doesn't match either of '*.sslusenet.com', 'sslusenet.com'"
"reader.4ux.nl","IPv4-only","No SSL/TLS connection"
"reader.abook.ws","IPv4-only","No SSL/TLS connection"
No input, no valid host, or other error
No input, no valid host, or other error
"reader.altbinaries.com","IPv4-only","No SSL/TLS connection"
No input, no valid host, or other error
No input, no valid host, or other error
No input, no valid host, or other error
No input, no valid host, or other error
"reader.astinews.de","IPv4-only","TLSv1.2","200 Welcome to Yabnews","OK","OK","NOK","ssl.CertificateError","CertificateError: hostname 'reader.astinews.de' doesn't match either of 'news.yabnews.nl', 'www.news.yabnews.nl'"
No input, no valid host, or other error
No input, no valid host, or other error
"reader.bargainnewsfeeds.com","IPv4-only","No SSL/TLS connection"
No input, no valid host, or other error
"reader.binaryboy.com","IPv4-only","No SSL/TLS connection"
No input, no valid host, or other error
No input, no valid host, or other error
No input, no valid host, or other error
No input, no valid host, or other error
No input, no valid host, or other error
No input, no valid host, or other error
No input, no valid host, or other error
"reader.codeshy.com","IPv4-only","No SSL/TLS connection"
"reader.couchpota.to","IPv4-only","No SSL/TLS connection"
"reader.co.uk","IPv4-only","No SSL/TLS connection"
"reader.co.za","IPv4-only","No SSL/TLS connection"
No input, no valid host, or other error
No input, no valid host, or other error
No input, no valid host, or other error
"reader.easyusenet.nl","IPv4-only","TLSv1.2","200 Welcome to Easyusenet","OK","OK","OK","-","-"
No input, no valid host, or other error
No input, no valid host, or other error
"reader.extremeusenet.nl","IPv4-only","TLSv1.2","200 Welcome to ExtremeUsenet","OK","OK","NOK","ssl.CertificateError","CertificateError: hostname 'reader.extremeusenet.nl' doesn't match either of 'www.news.extremeusenet.nl', 'news.extremeusenet.nl'"
No input, no valid host, or other error
No input, no valid host, or other error
No input, no valid host, or other error
No input, no valid host, or other error
No input, no valid host, or other error
No input, no valid host, or other error
No input, no valid host, or other error
"reader.getnzb.com","IPv4-only","No SSL/TLS connection"
No input, no valid host, or other error
"reader.github.com","IPv4-only","No SSL/TLS connection"
"reader.google.com","IPv4-IPv6","No SSL/TLS connection"
No input, no valid host, or other error
No input, no valid host, or other error
No input, no valid host, or other error
"reader.iload-usenet.com","IPv4-only","No SSL/TLS connection"
"reader.i-telligent.com","IPv4-only","TLSv1.2","200 Welcome to I-telligent NNTPSwitch-SVN-1.2.1, 117351 groups available, posting allowed, slot 193, connections 1","OK","OK","OK","-","-"
No input, no valid host, or other error
No input, no valid host, or other error
"reader.maximumusenet.com","IPv4-only","No SSL/TLS connection"
No input, no valid host, or other error
"reader.mijnusenet.nl","IPv4-only","TLSv1.2","200 newsreader.usenetter.nl NNRP Service Ready - info@usenetter.nl (no posting)(no reading)","OK","OK","NOK","ssl.CertificateError","CertificateError: hostname 'reader.mijnusenet.nl' doesn't match either of '*.sslusenet.com', 'sslusenet.com'"
No input, no valid host, or other error
"reader.netfeeds.net","IPv4-only","No SSL/TLS connection"
No input, no valid host, or other error
"reader.newsconnection.eu","IPv4-only","TLSv1.2","200 Welcome to Snellerdownloaden","OK","OK","NOK","ssl.CertificateError","CertificateError: hostname 'reader.newsconnection.eu' doesn't match either of 'reader.newsconnection.nl', 'www.reader.newsconnection.nl'"
"reader.newsconnection.nl","IPv4-only","TLSv1.2","200 Welcome to Snellerdownloaden","OK","OK","OK","-","-"
No input, no valid host, or other error
No input, no valid host, or other error
"reader.newsgrabber.nl","IPv4-only","No SSL/TLS connection"
No input, no valid host, or other error
No input, no valid host, or other error
No input, no valid host, or other error
No input, no valid host, or other error
No input, no valid host, or other error
No input, no valid host, or other error
No input, no valid host, or other error
No input, no valid host, or other error
No input, no valid host, or other error
"reader.newsxs.nl","IPv4-only","TLSv1.2","200 Welcome to Newsxs","OK","OK","OK","-","-"
No input, no valid host, or other error
No input, no valid host, or other error
No input, no valid host, or other error
No input, no valid host, or other error
No input, no valid host, or other error
No input, no valid host, or other error
No input, no valid host, or other error
No input, no valid host, or other error
No input, no valid host, or other error
No input, no valid host, or other error
"reader.powernews.nl","IPv4-only","TLSv1.2","200 Welcome to Easyusenet","OK","OK","NOK","ssl.CertificateError","CertificateError: hostname 'reader.powernews.nl' doesn't match either of '*.easyusenet.nl', 'easyusenet.nl'"
No input, no valid host, or other error
No input, no valid host, or other error
"reader.prepaid-usenet.de","IPv4-only","No SSL/TLS connection"
No input, no valid host, or other error
"reader.readnews.com","IPv4-only","No SSL/TLS connection"
"reader.reddit.com","IPv4-only","No SSL/TLS connection"
No input, no valid host, or other error
No input, no valid host, or other error
No input, no valid host, or other error
No input, no valid host, or other error
No input, no valid host, or other error
No input, no valid host, or other error
No input, no valid host, or other error
No input, no valid host, or other error
"reader.smsusenet.nl","IPv4-IPv6","No SSL/TLS connection"
"reader.snelnl.com","IPv4-IPv6","TLSv1.2","200 Welcome (fx41.am4)","OK","OK","NOK","ssl.CertificateError","CertificateError: hostname 'reader.snelnl.com' doesn't match either of '*.sslusenet.com', 'sslusenet.com'"
No input, no valid host, or other error
No input, no valid host, or other error
"reader.speedplaza.net","IPv4-only","No SSL/TLS connection"
"reader.ssl-news.info","IPv4-only","TLSv1.2","200 Welcome to SSL News","OK","OK","OK","-","-"
No input, no valid host, or other error
No input, no valid host, or other error
"reader.supernewsfeed.com","IPv4-only","No SSL/TLS connection"
No input, no valid host, or other error
No input, no valid host, or other error
No input, no valid host, or other error
No input, no valid host, or other error
No input, no valid host, or other error
No input, no valid host, or other error
No input, no valid host, or other error
No input, no valid host, or other error
No input, no valid host, or other error
"reader.usenet4u.nl","IPv4-only","No SSL/TLS connection"
"reader.usenet-access.com","IPv4-only","No SSL/TLS connection"
No input, no valid host, or other error
"reader.usenetbucket.com","IPv4-only","TLSv1.2","200 Welcome to usenetbucket","OK","OK","OK","-","-"
No input, no valid host, or other error
No input, no valid host, or other error
No input, no valid host, or other error
"reader.usenetdiscounter.com","IPv4-IPv6","TLSv1.2","200 Welcome to Usenetdiscounter","OK","OK","OK","-","-"
No input, no valid host, or other error
No input, no valid host, or other error
No input, no valid host, or other error
No input, no valid host, or other error
"reader.usenetnewsserver.com","IPv4-only","No SSL/TLS connection"
No input, no valid host, or other error
No input, no valid host, or other error
"reader.usenet.pro","IPv4-only","TLSv1.2","200 newsreader.usenetter.nl NNRP Service Ready - info@usenetter.nl (no posting)(no reading)","OK","OK","NOK","ssl.CertificateError","CertificateError: hostname 'reader.usenet.pro' doesn't match either of '*.sslusenet.com', 'sslusenet.com'"
No input, no valid host, or other error
No input, no valid host, or other error
No input, no valid host, or other error
No input, no valid host, or other error
"reader.usenetxl.nl","IPv4-only","TLSv1.2","200 Welcome to Yabnews","OK","OK","NOK","ssl.CertificateError","CertificateError: hostname 'reader.usenetxl.nl' doesn't match either of 'news.yabnews.nl', 'www.news.yabnews.nl'"
No input, no valid host, or other error
"reader.voordeligusenet.nl","IPv4-only","TLSv1.2","200 newsreader.usenetter.nl NNRP Service Ready - info@usenetter.nl (no posting)(no reading)","OK","OK","NOK","ssl.CertificateError","CertificateError: hostname 'reader.voordeligusenet.nl' doesn't match either of '*.sslusenet.com', 'sslusenet.com'"
"reader.wondernews.eu","IPv4-only","TLSv1.2","200 Welcome to Yabnews","OK","OK","NOK","ssl.CertificateError","CertificateError: hostname 'reader.wondernews.eu' doesn't match either of 'news.yabnews.nl', 'www.news.yabnews.nl'"
"reader.worldusenet.com","IPv4-only","No SSL/TLS connection"
No input, no valid host, or other error
No input, no valid host, or other error
No input, no valid host, or other error
No input, no valid host, or other error
"reader.xsnews.nl","IPv4-only","TLSv1.2","200 Welcome to XS News","OK","OK","OK","-","-"
"reader.xsusenet.com","IPv4-only","TLSv1.2","200 Welcome (fx19.am4)","OK","OK","OK","-","-"
No input, no valid host, or other error
No input, no valid host, or other error
"reader.zendesk.com","IPv4-only","No SSL/TLS connection"
"readnews.com","IPv4-only","No SSL/TLS connection"
"reddit.com","IPv4-only","No SSL/TLS connection"
"redditgifts.com","IPv4-only","No SSL/TLS connection"
"redorbnews.com","IPv4-only","No SSL/TLS connection"
"rhinonewsgroups.com","IPv4-only","No SSL/TLS connection"
"sabnzbd.org","IPv4-IPv6","No SSL/TLS connection"
"secretusenet.com","IPv4-only","No SSL/TLS connection"
"shemes.com","IPv4-only","No SSL/TLS connection"
"sickbeard.com","IPv4-only","No SSL/TLS connection"
"simonews.com","IPv4-only","No SSL/TLS connection"
"smsusenet.nl","IPv4-IPv6","No SSL/TLS connection"
"snelnl.com","IPv4-IPv6","No SSL/TLS connection"
"sonarr.tv","IPv4-only","No SSL/TLS connection"
"sonic-news.com","IPv4-only","No SSL/TLS connection"
"speedplaza.net","IPv4-only","No SSL/TLS connection"
No input, no valid host, or other error
"ssl.4ux.nl","IPv4-only","No SSL/TLS connection"
"ssl.abook.ws","IPv4-only","No SSL/TLS connection"
No input, no valid host, or other error
No input, no valid host, or other error
"ssl.altbinaries.com","IPv4-IPv6","TLSv1.2","200 Welcome (fx08.iad)","OK","OK","NOK","ssl.CertificateError","CertificateError: hostname 'ssl.altbinaries.com' doesn't match either of '*.sslusenet.com', 'sslusenet.com'"
No input, no valid host, or other error
No input, no valid host, or other error
No input, no valid host, or other error
"ssl.apple.com","IPv4-IPv6","No SSL/TLS connection"
No input, no valid host, or other error
"ssl.astraweb.com","IPv4-only","TLSv1","200 news.astraweb.com NNRP Service Ready (posting ok) (yEnc enabled).","OK","OK","OK","-","-"
No input, no valid host, or other error
"ssl.bargainnewsfeeds.com","IPv4-only","No SSL/TLS connection"
No input, no valid host, or other error
"ssl.binaryboy.com","IPv4-only","No SSL/TLS connection"
No input, no valid host, or other error
No input, no valid host, or other error
No input, no valid host, or other error
No input, no valid host, or other error
No input, no valid host, or other error
No input, no valid host, or other error
No input, no valid host, or other error
"ssl.codeshy.com","IPv4-only","No SSL/TLS connection"
"ssl.couchpota.to","IPv4-only","No SSL/TLS connection"
"ssl.co.uk","IPv4-only","No SSL/TLS connection"
"ssl.co.za","IPv4-only","No SSL/TLS connection"
No input, no valid host, or other error
No input, no valid host, or other error
No input, no valid host, or other error
No input, no valid host, or other error
No input, no valid host, or other error
No input, no valid host, or other error
"ssl-eu.4ux.nl","IPv4-only","No SSL/TLS connection"
"ssl-eu.abook.ws","IPv4-only","No SSL/TLS connection"
No input, no valid host, or other error
No input, no valid host, or other error
"ssl-eu.altbinaries.com","IPv4-only","No SSL/TLS connection"
No input, no valid host, or other error
No input, no valid host, or other error
No input, no valid host, or other error
No input, no valid host, or other error
No input, no valid host, or other error
"ssl-eu.astraweb.com","IPv4-only","TLSv1","200 news.astraweb.com NNRP Service Ready (posting ok) (yEnc enabled).","OK","OK","OK","-","-"
No input, no valid host, or other error
"ssl-eu.bargainnewsfeeds.com","IPv4-only","No SSL/TLS connection"
No input, no valid host, or other error
"ssl-eu.binaryboy.com","IPv4-only","No SSL/TLS connection"
No input, no valid host, or other error
No input, no valid host, or other error
No input, no valid host, or other error
No input, no valid host, or other error
No input, no valid host, or other error
No input, no valid host, or other error
No input, no valid host, or other error
"ssl-eu.codeshy.com","IPv4-only","No SSL/TLS connection"
"ssl-eu.couchpota.to","IPv4-only","No SSL/TLS connection"
No input, no valid host, or other error
No input, no valid host, or other error
No input, no valid host, or other error
No input, no valid host, or other error
No input, no valid host, or other error
No input, no valid host, or other error
No input, no valid host, or other error
No input, no valid host, or other error
No input, no valid host, or other error
No input, no valid host, or other error
No input, no valid host, or other error
No input, no valid host, or other error
No input, no valid host, or other error
No input, no valid host, or other error
No input, no valid host, or other error
No input, no valid host, or other error
"ssl-eu.getnzb.com","IPv4-only","No SSL/TLS connection"
No input, no valid host, or other error
"ssl-eu.github.com","IPv4-only","No SSL/TLS connection"
No input, no valid host, or other error
No input, no valid host, or other error
No input, no valid host, or other error
No input, no valid host, or other error
"ssl-eu.iload-usenet.com","IPv4-only","No SSL/TLS connection"
No input, no valid host, or other error
No input, no valid host, or other error
No input, no valid host, or other error
"ssl-eu.maximumusenet.com","IPv4-only","No SSL/TLS connection"
No input, no valid host, or other error
No input, no valid host, or other error
No input, no valid host, or other error
"ssl-eu.netfeeds.net","IPv4-only","No SSL/TLS connection"
No input, no valid host, or other error
"ssl-eu.newsconnection.eu","IPv4-only","No SSL/TLS connection"
No input, no valid host, or other error
No input, no valid host, or other error
"ssl-eu.newsgrabber.nl","IPv4-only","No SSL/TLS connection"
No input, no valid host, or other error
No input, no valid host, or other error
No input, no valid host, or other error
No input, no valid host, or other error
No input, no valid host, or other error
No input, no valid host, or other error
No input, no valid host, or other error
No input, no valid host, or other error
No input, no valid host, or other error
No input, no valid host, or other error
No input, no valid host, or other error
No input, no valid host, or other error
No input, no valid host, or other error
No input, no valid host, or other error
No input, no valid host, or other error
No input, no valid host, or other error
No input, no valid host, or other error
No input, no valid host, or other error
No input, no valid host, or other error
No input, no valid host, or other error
No input, no valid host, or other error
No input, no valid host, or other error
No input, no valid host, or other error
"ssl-eu.prepaid-usenet.de","IPv4-only","No SSL/TLS connection"
No input, no valid host, or other error
No input, no valid host, or other error
"ssl-eu.reddit.com","IPv4-only","No SSL/TLS connection"
No input, no valid host, or other error
No input, no valid host, or other error
No input, no valid host, or other error
No input, no valid host, or other error
No input, no valid host, or other error
No input, no valid host, or other error
No input, no valid host, or other error
No input, no valid host, or other error
"ssl-eu.smsusenet.nl","IPv4-IPv6","No SSL/TLS connection"
No input, no valid host, or other error
No input, no valid host, or other error
No input, no valid host, or other error
"ssl-eu.speedplaza.net","IPv4-only","No SSL/TLS connection"
No input, no valid host, or other error
No input, no valid host, or other error
No input, no valid host, or other error
"ssl-eu.supernewsfeed.com","IPv4-only","No SSL/TLS connection"
No input, no valid host, or other error
No input, no valid host, or other error
No input, no valid host, or other error
No input, no valid host, or other error
No input, no valid host, or other error
No input, no valid host, or other error
No input, no valid host, or other error
No input, no valid host, or other error
No input, no valid host, or other error
"ssl-eu.usenet4u.nl","IPv4-only","No SSL/TLS connection"
"ssl-eu.usenet-access.com","IPv4-only","No SSL/TLS connection"
No input, no valid host, or other error
No input, no valid host, or other error
No input, no valid host, or other error
No input, no valid host, or other error
No input, no valid host, or other error
No input, no valid host, or other error
No input, no valid host, or other error
No input, no valid host, or other error
No input, no valid host, or other error
No input, no valid host, or other error
"ssl-eu.usenetnewsserver.com","IPv4-only","No SSL/TLS connection"
No input, no valid host, or other error
No input, no valid host, or other error
No input, no valid host, or other error
No input, no valid host, or other error
No input, no valid host, or other error
No input, no valid host, or other error
No input, no valid host, or other error
No input, no valid host, or other error
No input, no valid host, or other error
No input, no valid host, or other error
No input, no valid host, or other error
"ssl-eu.worldusenet.com","IPv4-only","No SSL/TLS connection"
No input, no valid host, or other error
No input, no valid host, or other error
No input, no valid host, or other error
No input, no valid host, or other error
No input, no valid host, or other error
No input, no valid host, or other error
No input, no valid host, or other error
No input, no valid host, or other error
"ssl-eu.zendesk.com","IPv4-only","No SSL/TLS connection"
No input, no valid host, or other error
No input, no valid host, or other error
"ssl.facebook.com","IPv4-IPv6","No SSL/TLS connection"
No input, no valid host, or other error
No input, no valid host, or other error
No input, no valid host, or other error
No input, no valid host, or other error
No input, no valid host, or other error
No input, no valid host, or other error
"ssl.getnzb.com","IPv4-only","No SSL/TLS connection"
No input, no valid host, or other error
"ssl.github.com","IPv4-only","No SSL/TLS connection"
No input, no valid host, or other error
No input, no valid host, or other error
"ssl.hitnews.com","IPv4-only","TLSv1.2","200 Welcome to hitnews.com (fx07.fr7)","OK","OK","OK","-","-"
No input, no valid host, or other error
"ssl.iload-usenet.com","IPv4-only","No SSL/TLS connection"
No input, no valid host, or other error
No input, no valid host, or other error
No input, no valid host, or other error
"ssl.maximumusenet.com","IPv4-only","No SSL/TLS connection"
No input, no valid host, or other error
No input, no valid host, or other error
No input, no valid host, or other error
"ssl.netfeeds.net","IPv4-only","No SSL/TLS connection"
No input, no valid host, or other error
"ssl.newsconnection.eu","IPv4-only","No SSL/TLS connection"
No input, no valid host, or other error
"ssl.newsfusion.net","IPv4-only","TLSv1.2","200 Welcome to Usenet (fx18.iad)","OK","OK","NOK","ssl.CertificateError","CertificateError: hostname 'ssl.newsfusion.net' doesn't match either of '*.sslusenet.com', 'sslusenet.com'"
"ssl.newsgrabber.nl","IPv4-only","No SSL/TLS connection"
No input, no valid host, or other error
No input, no valid host, or other error
No input, no valid host, or other error
No input, no valid host, or other error
No input, no valid host, or other error
No input, no valid host, or other error
"ssl-news.info","IPv4-only","No SSL/TLS connection"
No input, no valid host, or other error
No input, no valid host, or other error
No input, no valid host, or other error
No input, no valid host, or other error
No input, no valid host, or other error
No input, no valid host, or other error
No input, no valid host, or other error
No input, no valid host, or other error
No input, no valid host, or other error
No input, no valid host, or other error
No input, no valid host, or other error
No input, no valid host, or other error
No input, no valid host, or other error
No input, no valid host, or other error
No input, no valid host, or other error
No input, no valid host, or other error
No input, no valid host, or other error
"ssl.prepaid-usenet.de","IPv4-only","No SSL/TLS connection"
No input, no valid host, or other error
No input, no valid host, or other error
"ssl.reddit.com","IPv4-only","No SSL/TLS connection"
"ssl.redditgifts.com","IPv4-only","No SSL/TLS connection"
No input, no valid host, or other error
No input, no valid host, or other error
No input, no valid host, or other error
No input, no valid host, or other error
No input, no valid host, or other error
No input, no valid host, or other error
No input, no valid host, or other error
"ssl.smsusenet.nl","IPv4-IPv6","No SSL/TLS connection"
"ssl.snelnl.com","IPv4-IPv6","No SSL/TLS connection"
No input, no valid host, or other error
No input, no valid host, or other error
"ssl.speedplaza.net","IPv4-only","No SSL/TLS connection"
No input, no valid host, or other error
No input, no valid host, or other error
No input, no valid host, or other error
"ssl.supernewsfeed.com","IPv4-only","No SSL/TLS connection"
"ssl.surfino.com","IPv4-only","No SSL/TLS connection"
No input, no valid host, or other error
"ssl.thenewsgroups.com","IPv4-IPv6","TLSv1.2","200 Welcome (fx26.iad)","OK","OK","NOK","ssl.CertificateError","CertificateError: hostname 'ssl.thenewsgroups.com' doesn't match either of '*.sslusenet.com', 'sslusenet.com'"
No input, no valid host, or other error
No input, no valid host, or other error
No input, no valid host, or other error
No input, no valid host, or other error
"ssl.united-newsserver.de","IPv4-only","No SSL/TLS connection"
No input, no valid host, or other error
"ssl-us.4ux.nl","IPv4-only","No SSL/TLS connection"
"ssl-us.abook.ws","IPv4-only","No SSL/TLS connection"
No input, no valid host, or other error
No input, no valid host, or other error
"ssl-us.altbinaries.com","IPv4-only","No SSL/TLS connection"
No input, no valid host, or other error
No input, no valid host, or other error
No input, no valid host, or other error
No input, no valid host, or other error
No input, no valid host, or other error
"ssl-us.astraweb.com","IPv4-only","TLSv1","200 news.astraweb.com NNRP Service Ready (posting ok) (yEnc enabled).","OK","OK","OK","-","-"
No input, no valid host, or other error
"ssl-us.bargainnewsfeeds.com","IPv4-only","No SSL/TLS connection"
No input, no valid host, or other error
"ssl-us.binaryboy.com","IPv4-only","No SSL/TLS connection"
No input, no valid host, or other error
No input, no valid host, or other error
No input, no valid host, or other error
No input, no valid host, or other error
No input, no valid host, or other error
No input, no valid host, or other error
No input, no valid host, or other error
"ssl-us.codeshy.com","IPv4-only","No SSL/TLS connection"
"ssl-us.couchpota.to","IPv4-only","No SSL/TLS connection"
No input, no valid host, or other error
No input, no valid host, or other error
No input, no valid host, or other error
No input, no valid host, or other error
No input, no valid host, or other error
No input, no valid host, or other error
No input, no valid host, or other error
"ssl.usenet4u.nl","IPv4-only","No SSL/TLS connection"
"ssl.usenet-access.com","IPv4-IPv6","TLSv1.2","200 Welcome (fx43.iad)","OK","OK","NOK","ssl.CertificateError","CertificateError: hostname 'ssl.usenet-access.com' doesn't match either of '*.sslusenet.com', 'sslusenet.com'"
No input, no valid host, or other error
No input, no valid host, or other error
No input, no valid host, or other error
No input, no valid host, or other error
No input, no valid host, or other error
No input, no valid host, or other error
No input, no valid host, or other error
No input, no valid host, or other error
No input, no valid host, or other error
"ssl.usenet-news.net","IPv4-only","TLSv1.2","200 Welcome to Usenet (fx10.iad)","OK","OK","NOK","ssl.CertificateError","CertificateError: hostname 'ssl.usenet-news.net' doesn't match either of '*.sslusenet.com', 'sslusenet.com'"
"ssl.usenetnewsserver.com","IPv4-only","No SSL/TLS connection"
No input, no valid host, or other error
No input, no valid host, or other error
No input, no valid host, or other error
No input, no valid host, or other error
"ssl.usenet.se","IPv4-only","TLSv1.2","200 Welcome to Usenet (fx03.fr7)","OK","OK","NOK","ssl.CertificateError","CertificateError: hostname 'ssl.usenet.se' doesn't match either of '*.sslusenet.com', 'sslusenet.com'"
No input, no valid host, or other error
No input, no valid host, or other error
No input, no valid host, or other error
No input, no valid host, or other error
No input, no valid host, or other error
No input, no valid host, or other error
No input, no valid host, or other error
No input, no valid host, or other error
No input, no valid host, or other error
No input, no valid host, or other error
No input, no valid host, or other error
No input, no valid host, or other error
No input, no valid host, or other error
No input, no valid host, or other error
"ssl-us.getnzb.com","IPv4-only","No SSL/TLS connection"
No input, no valid host, or other error
"ssl-us.github.com","IPv4-only","No SSL/TLS connection"
No input, no valid host, or other error
No input, no valid host, or other error
No input, no valid host, or other error
No input, no valid host, or other error
"ssl-us.iload-usenet.com","IPv4-only","No SSL/TLS connection"
No input, no valid host, or other error
No input, no valid host, or other error
No input, no valid host, or other error
"ssl-us.maximumusenet.com","IPv4-only","No SSL/TLS connection"
No input, no valid host, or other error
No input, no valid host, or other error
No input, no valid host, or other error
"ssl-us.netfeeds.net","IPv4-only","No SSL/TLS connection"
No input, no valid host, or other error
"ssl-us.newsconnection.eu","IPv4-only","No SSL/TLS connection"
No input, no valid host, or other error
No input, no valid host, or other error
"ssl-us.newsgrabber.nl","IPv4-only","No SSL/TLS connection"
No input, no valid host, or other error
No input, no valid host, or other error
No input, no valid host, or other error
No input, no valid host, or other error
No input, no valid host, or other error
No input, no valid host, or other error
No input, no valid host, or other error
No input, no valid host, or other error
No input, no valid host, or other error
No input, no valid host, or other error
No input, no valid host, or other error
No input, no valid host, or other error
No input, no valid host, or other error
No input, no valid host, or other error
No input, no valid host, or other error
No input, no valid host, or other error
No input, no valid host, or other error
No input, no valid host, or other error
No input, no valid host, or other error
No input, no valid host, or other error
No input, no valid host, or other error
No input, no valid host, or other error
No input, no valid host, or other error
"ssl-us.prepaid-usenet.de","IPv4-only","No SSL/TLS connection"
No input, no valid host, or other error
No input, no valid host, or other error
"ssl-us.reddit.com","IPv4-only","No SSL/TLS connection"
No input, no valid host, or other error
No input, no valid host, or other error
No input, no valid host, or other error
No input, no valid host, or other error
No input, no valid host, or other error
No input, no valid host, or other error
No input, no valid host, or other error
No input, no valid host, or other error
"ssl-us.smsusenet.nl","IPv4-IPv6","No SSL/TLS connection"
No input, no valid host, or other error
No input, no valid host, or other error
No input, no valid host, or other error
"ssl-us.speedplaza.net","IPv4-only","No SSL/TLS connection"
No input, no valid host, or other error
No input, no valid host, or other error
No input, no valid host, or other error
"ssl-us.supernewsfeed.com","IPv4-only","No SSL/TLS connection"
No input, no valid host, or other error
No input, no valid host, or other error
No input, no valid host, or other error
No input, no valid host, or other error
No input, no valid host, or other error
No input, no valid host, or other error
No input, no valid host, or other error
No input, no valid host, or other error
No input, no valid host, or other error
"ssl-us.usenet4u.nl","IPv4-only","No SSL/TLS connection"
"ssl-us.usenet-access.com","IPv4-only","No SSL/TLS connection"
No input, no valid host, or other error
No input, no valid host, or other error
No input, no valid host, or other error
No input, no valid host, or other error
No input, no valid host, or other error
No input, no valid host, or other error
No input, no valid host, or other error
No input, no valid host, or other error
No input, no valid host, or other error
No input, no valid host, or other error
"ssl-us.usenetnewsserver.com","IPv4-only","No SSL/TLS connection"
No input, no valid host, or other error
No input, no valid host, or other error
No input, no valid host, or other error
No input, no valid host, or other error
No input, no valid host, or other error
No input, no valid host, or other error
No input, no valid host, or other error
No input, no valid host, or other error
No input, no valid host, or other error
No input, no valid host, or other error
No input, no valid host, or other error
"ssl-us.worldusenet.com","IPv4-only","No SSL/TLS connection"
No input, no valid host, or other error
No input, no valid host, or other error
No input, no valid host, or other error
No input, no valid host, or other error
No input, no valid host, or other error
No input, no valid host, or other error
No input, no valid host, or other error
No input, no valid host, or other error
"ssl-us.zendesk.com","IPv4-only","No SSL/TLS connection"
No input, no valid host, or other error
No input, no valid host, or other error
"ssl.worldusenet.com","IPv4-only","No SSL/TLS connection"
"ssl.xennews.com","IPv4-only","TLSv1.2","200 Welcome to xennews.com (fx16.fr7)","OK","OK","OK","-","-"
No input, no valid host, or other error
No input, no valid host, or other error
"ssl.xs4all.nl","IPv4-only","No SSL/TLS connection"
No input, no valid host, or other error
No input, no valid host, or other error
No input, no valid host, or other error
No input, no valid host, or other error
No input, no valid host, or other error
"sunnyusenet.com","IPv4-only","No SSL/TLS connection"
"supernews.com","IPv4-only","No SSL/TLS connection"
"supernewsfeed.com","IPv4-only","No SSL/TLS connection"
"surfino.com","IPv4-only","No SSL/TLS connection"
"tele2news.tweaknews.nl","IPv4-only","TLSv1.2","200 tele2news.tweaknews.nl NNRP Service Ready - klantenservice@tele2.com (posting ok)","OK","NOK","NOK","ssl.SSLError","SSLError: [SSL: CERTIFICATE_VERIFY_FAILED] certificate verify failed (_ssl.c:590)"
"thecubenet.com","IPv4-only","No SSL/TLS connection"
"thenewsgroups.com","IPv4-only","No SSL/TLS connection"
"thundernews.com","IPv4-IPv6","No SSL/TLS connection"
No input, no valid host, or other error
"transxs.nl","IPv4-only","No SSL/TLS connection"
"tweaknews.eu","IPv4-only","No SSL/TLS connection"
No input, no valid host, or other error
No input, no valid host, or other error
"us.4ux.nl","IPv4-only","No SSL/TLS connection"
"us.abook.ws","IPv4-only","No SSL/TLS connection"
No input, no valid host, or other error
No input, no valid host, or other error
"us.altbinaries.com","IPv4-only","No SSL/TLS connection"
No input, no valid host, or other error
No input, no valid host, or other error
No input, no valid host, or other error
No input, no valid host, or other error
No input, no valid host, or other error
No input, no valid host, or other error
No input, no valid host, or other error
"us.bargainnewsfeeds.com","IPv4-only","No SSL/TLS connection"
No input, no valid host, or other error
"us.binaryboy.com","IPv4-only","No SSL/TLS connection"
"us.bintube.com","IPv4-only","TLSv1.2","200 news.bintube.com NNRP Service Ready (posting ok) (yEnc enabled). (fx40.iad)","OK","OK","OK","-","-"
No input, no valid host, or other error
No input, no valid host, or other error
No input, no valid host, or other error
No input, no valid host, or other error
No input, no valid host, or other error
No input, no valid host, or other error
"us.codeshy.com","IPv4-only","No SSL/TLS connection"
"us.couchpota.to","IPv4-only","No SSL/TLS connection"
"us.co.uk","IPv4-only","No SSL/TLS connection"
"us.co.za","IPv4-only","No SSL/TLS connection"
No input, no valid host, or other error
No input, no valid host, or other error
No input, no valid host, or other error
No input, no valid host, or other error
"usebits.net","IPv4-only","No SSL/TLS connection"
"usenet4u.nl","IPv4-only","No SSL/TLS connection"
"usenet-access.com","IPv4-only","No SSL/TLS connection"
"usenet.argeweb.nl","IPv4-only","TLSv1.2","200 Welcome (fx22.am4)","OK","NOK","NOK","ssl.SSLError","SSLError: [SSL: CERTIFICATE_VERIFY_FAILED] certificate verify failed (_ssl.c:590)"
"usenetbin.net","IPv4-only","No SSL/TLS connection"
"usenetbucket.com","IPv4-only","No SSL/TLS connection"
"usenetbyorder.com","IPv4-only","No SSL/TLS connection"
"usenetcentral.com","IPv4-only","No SSL/TLS connection"
"usenetcompany.nl","IPv4-only","No SSL/TLS connection"
"usenetdiscounter.com","IPv4-only","No SSL/TLS connection"
"usenet.farm","IPv4-IPv6","No SSL/TLS connection"
No input, no valid host, or other error
"usenet.net","IPv4-only","No SSL/TLS connection"
"usenet-news.net","IPv4-only","No SSL/TLS connection"
"usenetnewsserver.com","IPv4-only","No SSL/TLS connection"
"usenet.nl","IPv4-only","No SSL/TLS connection"
"usenetnow.net","IPv4-only","No SSL/TLS connection"
"usenet.pro","IPv4-only","No SSL/TLS connection"
"usenetrocket.com","IPv4-IPv6","No SSL/TLS connection"
"usenet.se","IPv4-only","No SSL/TLS connection"
"usenetserver.com","IPv4-only","No SSL/TLS connection"
"usenet-to-go.de","IPv4-only","No SSL/TLS connection"
"usenetxl.nl","IPv4-only","No SSL/TLS connection"
"usenext.com","IPv4-only","No SSL/TLS connection"
"usenext.de","IPv4-only","No SSL/TLS connection"
No input, no valid host, or other error
No input, no valid host, or other error
No input, no valid host, or other error
No input, no valid host, or other error
No input, no valid host, or other error
No input, no valid host, or other error
No input, no valid host, or other error
No input, no valid host, or other error
No input, no valid host, or other error
No input, no valid host, or other error
"us.getnzb.com","IPv4-only","No SSL/TLS connection"
No input, no valid host, or other error
"us.github.com","IPv4-only","No SSL/TLS connection"
No input, no valid host, or other error
No input, no valid host, or other error
"us.hitnews.com","IPv4-only","TLSv1.2","200 Welcome to hitnews.com (fx30.fr7)","OK","OK","OK","-","-"
No input, no valid host, or other error
"us.iload-usenet.com","IPv4-only","No SSL/TLS connection"
No input, no valid host, or other error
No input, no valid host, or other error
No input, no valid host, or other error
"us.maximumusenet.com","IPv4-only","No SSL/TLS connection"
No input, no valid host, or other error
No input, no valid host, or other error
No input, no valid host, or other error
"us.netfeeds.net","IPv4-only","No SSL/TLS connection"
No input, no valid host, or other error
"us.newsconnection.eu","IPv4-only","No SSL/TLS connection"
"us.newsdemon.com","IPv4-only","TLSv1.2","200 Welcome (fx41.iad)","OK","OK","NOK","ssl.CertificateError","CertificateError: hostname 'us.newsdemon.com' doesn't match either of '*.sslusenet.com', 'sslusenet.com'"
"us.newsfusion.net","IPv4-only","TLSv1.2","200 Welcome to Usenet (fx34.iad)","OK","OK","NOK","ssl.CertificateError","CertificateError: hostname 'us.newsfusion.net' doesn't match either of '*.sslusenet.com', 'sslusenet.com'"
"us.newsgrabber.nl","IPv4-only","No SSL/TLS connection"
No input, no valid host, or other error
"us.newsgroupdirect.com","IPv4-only","TLSv1.2","200 Welcome (fx27.iad)","OK","OK","NOK","ssl.CertificateError","CertificateError: hostname 'us.newsgroupdirect.com' doesn't match either of '*.sslusenet.com', 'sslusenet.com'"
No input, no valid host, or other error
No input, no valid host, or other error
No input, no valid host, or other error
No input, no valid host, or other error
"us.newsleecher.com","IPv4-IPv6","TLSv1.2","200 Welcome (fx12.iad)","OK","OK","NOK","ssl.CertificateError","CertificateError: hostname 'us.newsleecher.com' doesn't match either of '*.sslusenet.com', 'sslusenet.com'"
No input, no valid host, or other error
No input, no valid host, or other error
No input, no valid host, or other error
No input, no valid host, or other error
No input, no valid host, or other error
"us.ngroups.net","IPv4-only","TLSv1.2","200 Welcome to Usenet (fx27.iad)","OK","OK","NOK","ssl.CertificateError","CertificateError: hostname 'us.ngroups.net' doesn't match either of '*.sslusenet.com', 'sslusenet.com'"
No input, no valid host, or other error
No input, no valid host, or other error
No input, no valid host, or other error
No input, no valid host, or other error
No input, no valid host, or other error
No input, no valid host, or other error
No input, no valid host, or other error
No input, no valid host, or other error
No input, no valid host, or other error
No input, no valid host, or other error
"us.prepaid-usenet.de","IPv4-only","No SSL/TLS connection"
No input, no valid host, or other error
No input, no valid host, or other error
"us.reddit.com","IPv4-only","No SSL/TLS connection"
No input, no valid host, or other error
No input, no valid host, or other error
No input, no valid host, or other error
No input, no valid host, or other error
"us.secretusenet.com","IPv4-only","TLSv1.2","200 Welcome to Usenet (fx34.iad)","OK","OK","NOK","ssl.CertificateError","CertificateError: hostname 'us.secretusenet.com' doesn't match either of '*.sslusenet.com', 'sslusenet.com'"
No input, no valid host, or other error
No input, no valid host, or other error
No input, no valid host, or other error
"us.smsusenet.nl","IPv4-IPv6","No SSL/TLS connection"
No input, no valid host, or other error
No input, no valid host, or other error
No input, no valid host, or other error
"us.speedplaza.net","IPv4-only","No SSL/TLS connection"
"us.ssl-news.info","IPv4-only","TLSv1.2","200 Welcome to SSL News","OK","OK","NOK","ssl.CertificateError","CertificateError: hostname 'us.ssl-news.info' doesn't match either of 'reader.ssl-news.info', 'www.reader.ssl-news.info'"
No input, no valid host, or other error
No input, no valid host, or other error
"us.supernewsfeed.com","IPv4-only","No SSL/TLS connection"
No input, no valid host, or other error
No input, no valid host, or other error
No input, no valid host, or other error
"us.thundernews.com","IPv4-IPv6","TLSv1.2","200 Welcome (fx37.iad)","OK","OK","NOK","ssl.CertificateError","CertificateError: hostname 'us.thundernews.com' doesn't match either of '*.sslusenet.com', 'sslusenet.com'"
No input, no valid host, or other error
No input, no valid host, or other error
No input, no valid host, or other error
No input, no valid host, or other error
No input, no valid host, or other error
"us.usenet4u.nl","IPv4-only","No SSL/TLS connection"
"us.usenet-access.com","IPv4-only","No SSL/TLS connection"
No input, no valid host, or other error
No input, no valid host, or other error
No input, no valid host, or other error
No input, no valid host, or other error
No input, no valid host, or other error
No input, no valid host, or other error
No input, no valid host, or other error
No input, no valid host, or other error
No input, no valid host, or other error
"us.usenet-news.net","IPv4-only","TLSv1.2","200 Welcome to Usenet (fx34.iad)","OK","OK","NOK","ssl.CertificateError","CertificateError: hostname 'us.usenet-news.net' doesn't match either of '*.sslusenet.com', 'sslusenet.com'"
"us.usenetnewsserver.com","IPv4-only","No SSL/TLS connection"
No input, no valid host, or other error
No input, no valid host, or other error
No input, no valid host, or other error
No input, no valid host, or other error
No input, no valid host, or other error
No input, no valid host, or other error
No input, no valid host, or other error
No input, no valid host, or other error
No input, no valid host, or other error
No input, no valid host, or other error
No input, no valid host, or other error
"us.worldusenet.com","IPv4-only","No SSL/TLS connection"
"us.xennews.com","IPv4-only","TLSv1.2","200 Welcome to xennews.com (fx24.fr7)","OK","OK","OK","-","-"
No input, no valid host, or other error
No input, no valid host, or other error
"us.xs4all.nl","IPv4-only","No SSL/TLS connection"
No input, no valid host, or other error
No input, no valid host, or other error
No input, no valid host, or other error
"us.z51.biz","IPv4-IPv6","No SSL/TLS connection"
"us.zendesk.com","IPv4-only","No SSL/TLS connection"
"voordeligusenet.nl","IPv4-only","No SSL/TLS connection"
"wondernews.eu","IPv4-only","No SSL/TLS connection"
"worldusenet.com","IPv4-only","No SSL/TLS connection"
"www.news.extremeusenet.nl","IPv4-only","TLSv1.2","200 Welcome to ExtremeUsenet","OK","OK","OK","-","-"
"xennews.com","IPv4-only","No SSL/TLS connection"
"xlned.com","IPv4-only","No SSL/TLS connection"
No input, no valid host, or other error
"xs4all.nl","IPv4-IPv6","No SSL/TLS connection"
"xsnews.nl","IPv4-IPv6","No SSL/TLS connection"
"xsusenet.com","IPv4-IPv6","No SSL/TLS connection"
"yabnews.nl","IPv4-only","No SSL/TLS connection"
"z51.biz","IPv4-only","No SSL/TLS connection"
"zendesk.com","IPv4-only","No SSL/TLS connection"
